VARIABLE,DESCRIPTION
SampleID,unique sample identifier
nt_ti_stenocold,Number of cold stenotherm taxa
nt_ti_cold,Number of cold taxa
nt_ti_cool,Number of cool taxa
nt_ti_warm,Number of warm taxa
nt_ti_stenowarm,Number of warm stenotherm taxa
nt_ti_eury,Number of eurythermal taxa
nt_ti_cowa,Number of cool/warm taxa
nt_ti_stenocold_cold,Number of cold stenotherm + cold taxa
nt_ti_stenocold_cold_cool,Number of cold stenotherm + cold + cool taxa
nt_ti_cowa_warm_stenowarm,Number of cool/warm + warm + warm stenotherm taxa
nt_ti_warm_stenowarm,Number of warm + warm stenotherm taxa
pi_ti_stenocold,Percent of cold stenotherm individuals
pi_ti_cold,Percent of cold individuals
pi_ti_cool,Percent of cool individuals
pi_ti_warm,Percent of warm individuals
pi_ti_stenowarm,Percent of warm stenotherm individuals
pi_ti_eury,Percent of eurythermal individuals
pi_ti_cowa,Percent of cool/warm individuals
pi_ti_stenocold_cold,Percent of cold stenotherm + cold individuals
pi_ti_stenocold_cold_cool,Percent of cold stenotherm + cold + cool individuals
pi_ti_cowa_warm_stenowarm,Percent of cool/warm + warm + warm stenotherm individuals
pi_ti_warm_stenowarm,Percent of warm + warm stenotherm individuals
pt_ti_stenocold,Percent of cold stenotherm taxa
pt_ti_cold,Percent of cold taxa
pt_ti_cool,Percent of cool taxa
pt_ti_warm,Percent of warm taxa
pt_ti_stenowarm,Percent of warm stenotherm taxa
pt_ti_eury,Percent of eurythermal taxa
pt_ti_cowa,Percent of cool/warm taxa
pt_ti_stenocold_cold,Percent of cold stenotherm + cold taxa
pt_ti_stenocold_cold_cool,Percent of cold stenotherm + cold + cool taxa
pt_ti_cowa_warm_stenowarm,Percent of cool/warm + warm + warm stenotherm taxa
pt_ti_warm_stenowarm,Percent of warm + warm stenotherm taxa
Prob_Class0,Probability of membership in fish thermal class 0 (BullTrout; MWMT <12 C)
Prob_Class1,Probability of membership in fish thermal class 1 (CoreCold; MWMT 12-15.9 C)
Prob_Class2,Probability of membership in fish thermal class 2 (SpawningRearing; MWMT 16-17.9 C)
Prob_Class3,Probability of membership in fish thermal class 3 (Migration; MWMT 18-19.9 C)
Prob_Class4,Probability of membership in fish thermal class 4 (Warm; MWMT 20-22.9 C)
Prob_Class5,Probability of membership in fish thermal class 5 (VeryWarm; MWMT >=23 C)
ClassNarr_Fish,Fish class narrative associated with ClassNum_Fish
ClassNum_Fish,"Fish thermal class (number) that has the highest probability of membership, is a tie or is unclear. 0 = BullTrout (MWMT <12 C), 0.5 = TIE BullTrout - CoreCold (MWMT < 12-15.9 C), 1 = CoreCold (MWMT 12-15.9 C), 1.5 =  TIE CoreCold - SpawningRearing (MWMT 12-17.9 C), 2 = SpawningRearing (MWMT 16-17.9 C), 2.5 = TIE SpawningRearing - Migration (MWMT 16-19.9 C), 3 = Migration (MWMT 18-19.9 C), 3.5 = TIE Migration - Warm (MWMT 18-22.9 C), 4 = Warm (MWMT 20-22.9 C), 4.5 = TIE Warm - VeryWarm (MWMT 20 > 23 C), 5 = VeryWarm (MWMT >=23 C), 99 =  Unclear"
Leaning,"Indicates whether the ClassNum_2nd is cooler or warmer than ClassNum_1st. For example, if ClassNum_1st = 1 (CoreCold) and ClassNum_2nd = 0 (BullTrout), equals 'Cooler'; if ClassNum_1st = 3 (Migration) and ClassNum_2nd = 4 (Warm) equals 'Warmer.'"
Prob_Diff,Difference between the probability of memberships in the ClassNum_1st and ClassNum_2nd and Secondary fish thermal classes
Tie,1 = difference between ClassNum_1st and ClassNum_2nd < 0.015
Unclear,"1= ClassNum_1st and ClassNum_2nd are not adjacent (e.g., ClassNum_1st = 1 and ClassNum_2nd = 4)"
ClassNum_1st,Fish thermal class (numeric) that has the highest probability of membership. Note: ClassNum_1st may be tied with ClassNum_2nd
Class1st_Prob,Probability of membership (0-1) in ClassNum_1st
ClassNum_2nd,Fish thermal class (numeric) that has the second highest probability of membership. Note: ClassNum_2nd may be tied with ClassNum_1st
Class2nd_Prob,Probability of membership (0-1) in ClassNum_2nd
ClassNum_Diff,"Difference between ClassNum_1st and ClassNum_2nd. If the difference is > 1, ClassNum_Fish = 99 (unclear)"
