"SampleID","L1","L2","L3","L4","L5","L6","Memb.Total","Memb.QC","Lev.1.Memb","Lev.1.Name","Lev.2.Memb","Lev.2.Name","Lev.Memb.Diff","Lev.Memb.close","Lev.Prop.Num","Lev.Prop.Nar","NumFlags","brackish organisms present","disturbance signal, high percent Baetis tricaudatus complex + Simuliidae individs","disturbance signal, high proportion multivoltine taxa","EPT, missing caddisfly taxa","EPT, missing mayfly taxa","EPT, missing stonefly taxa","high number of Juga or Fluminicola individs","high percent mite individs","high proportion Chironomidae individs","high proportion dominant 02 individs","high proportion Oligochaeta individs","individuals, large","individuals, small","missing BCG_Attr assignment","missing beetle taxa","nutrient signal, high proportion collector gatherer and filterer individs","soft bottom substrate signal, high proportion Corbiculidae + Sphaeriidae individs","soft bottom substrate signal, high proportion Odonate individs","urban signal, high proportion Crangonyx+Caecidotea+Gammarus individs"
"00001WSE",0,0,0,0,0,1,1,"PASS",1,6,0,NA,1,NA,6,"6",4,NA,NA,NA,"flag","flag","flag",NA,NA,NA,NA,NA,NA,NA,NA,"flag",NA,NA,NA,NA
"00006CSR",0,0,0,0,0,1,1,"PASS",1,6,0,NA,1,NA,6,"6",4,NA,NA,NA,"flag","flag","flag",NA,NA,NA,NA,NA,NA,NA,NA,"flag",NA,NA,NA,NA
"00007CSR",0,0,0,0,0,1,1,"PASS",1,6,0,NA,1,NA,6,"6",4,NA,NA,NA,"flag","flag","flag",NA,NA,NA,NA,NA,NA,NA,NA,"flag",NA,NA,NA,NA
"00010WSE",0,0,0,0,0,1,1,"PASS",1,6,0,NA,1,NA,6,"6",4,NA,NA,NA,"flag","flag","flag",NA,NA,NA,NA,NA,NA,NA,NA,"flag",NA,NA,NA,NA
"00051CSR",0,0,0,0,0,1,1,"PASS",1,6,0,NA,1,NA,6,"6",4,NA,NA,NA,"flag","flag","flag",NA,NA,NA,NA,NA,NA,NA,NA,"flag",NA,NA,NA,NA
"00060CSR",0,0,0,0,0,1,1,"PASS",1,6,0,NA,1,NA,6,"6",6,NA,"flag",NA,"flag","flag","flag",NA,NA,NA,NA,NA,NA,NA,NA,"flag","flag",NA,NA,NA
"00071CSR",0,0,0,0,0,1,1,"PASS",1,6,0,NA,1,NA,6,"6",6,NA,NA,NA,"flag","flag","flag",NA,NA,NA,NA,"flag",NA,NA,NA,"flag","flag",NA,NA,NA
"01059CSR",0,0,0,0,0,1,1,"PASS",1,6,0,NA,1,NA,6,"6",4,NA,NA,NA,"flag","flag","flag",NA,NA,NA,NA,NA,NA,NA,NA,"flag",NA,NA,NA,NA
"01094CSR",0,0,0,0,0,1,1,"PASS",1,6,0,NA,1,NA,6,"6",5,NA,NA,NA,"flag","flag","flag",NA,NA,NA,NA,NA,NA,NA,NA,"flag","flag",NA,NA,NA
"01110CSR",0,0,0,0,0,1,1,"PASS",1,6,0,NA,1,NA,6,"6",4,NA,NA,NA,"flag","flag","flag",NA,NA,NA,NA,NA,NA,NA,NA,"flag",NA,NA,NA,NA
"02038CSR",0,0,0,0,0,1,1,"PASS",1,6,0,NA,1,NA,6,"6",6,NA,NA,NA,"flag","flag","flag",NA,NA,"flag",NA,NA,NA,NA,NA,"flag","flag",NA,NA,NA
"02044EMAP",0,0,0,0,0,1,1,"PASS",1,6,0,NA,1,NA,6,"6",4,NA,NA,NA,"flag","flag","flag",NA,NA,NA,NA,NA,NA,NA,NA,"flag",NA,NA,NA,NA
"02048CSR",0,0,0,0,0,1,1,"PASS",1,6,0,NA,1,NA,6,"6",8,NA,"flag",NA,"flag","flag","flag",NA,NA,NA,"flag","flag",NA,NA,NA,"flag","flag",NA,NA,NA
"02048CSRa",0,0,0,0,0,1,1,"PASS",1,6,0,NA,1,NA,6,"6",7,NA,"flag",NA,"flag","flag","flag",NA,NA,NA,NA,"flag",NA,NA,NA,"flag","flag",NA,NA,NA
"02060CSR",0,0,0,0,0,1,1,"PASS",1,6,0,NA,1,NA,6,"6",4,NA,NA,NA,"flag","flag","flag",NA,NA,NA,NA,NA,NA,NA,NA,"flag",NA,NA,NA,NA
"02065CSR",0,0,0,0,0,1,1,"PASS",1,6,0,NA,1,NA,6,"6",6,NA,NA,NA,"flag","flag","flag",NA,NA,NA,NA,"flag",NA,NA,NA,"flag","flag",NA,NA,NA
"02069CSR",0,0,0,0,0,1,1,"PASS",1,6,0,NA,1,NA,6,"6",4,NA,NA,NA,"flag","flag","flag",NA,NA,NA,NA,NA,NA,NA,NA,"flag",NA,NA,NA,NA
"02093CSR",0,0,0,0,0,1,1,"PASS",1,6,0,NA,1,NA,6,"6",4,NA,NA,NA,"flag","flag","flag",NA,NA,NA,NA,NA,NA,NA,NA,"flag",NA,NA,NA,NA
"02101CSR",0,0,0,0,0,1,1,"PASS",1,6,0,NA,1,NA,6,"6",4,NA,NA,NA,"flag","flag","flag",NA,NA,NA,NA,NA,NA,NA,NA,"flag",NA,NA,NA,NA
"02102CSR",0,0,0,0,0,1,1,"PASS",1,6,0,NA,1,NA,6,"6",6,NA,NA,NA,"flag","flag","flag",NA,NA,NA,NA,"flag",NA,NA,NA,"flag","flag",NA,NA,NA
"02104CSR",0,0,0,0,0,1,1,"PASS",1,6,0,NA,1,NA,6,"6",5,NA,NA,NA,"flag","flag","flag",NA,NA,NA,NA,NA,NA,NA,NA,"flag","flag",NA,NA,NA
"02107EMAP",0,0,0,0,0,1,1,"PASS",1,6,0,NA,1,NA,6,"6",4,NA,NA,NA,"flag","flag","flag",NA,NA,NA,NA,NA,NA,NA,NA,"flag",NA,NA,NA,NA
"02139CSR",0,0,0,0,0,1,1,"PASS",1,6,0,NA,1,NA,6,"6",4,NA,NA,NA,"flag","flag","flag",NA,NA,NA,NA,NA,NA,NA,NA,"flag",NA,NA,NA,NA
"02139CSRd",0,0,0,0,0,1,1,"PASS",1,6,0,NA,1,NA,6,"6",5,NA,NA,NA,"flag","flag","flag",NA,NA,NA,NA,NA,NA,NA,NA,"flag","flag",NA,NA,NA
"03002EMAP",0,0,0,0,0,1,1,"PASS",1,6,0,NA,1,NA,6,"6",4,NA,NA,NA,"flag","flag","flag",NA,NA,NA,NA,NA,NA,NA,NA,"flag",NA,NA,NA,NA
"03003EMAP",0,0,0,0,0,1,1,"PASS",1,6,0,NA,1,NA,6,"6",4,NA,NA,NA,"flag","flag","flag",NA,NA,NA,NA,NA,NA,NA,NA,"flag",NA,NA,NA,NA
"03006EMAP",0,0,0,0,0,1,1,"PASS",1,6,0,NA,1,NA,6,"6",6,NA,NA,NA,"flag","flag","flag",NA,NA,"flag",NA,NA,NA,NA,NA,"flag","flag",NA,NA,NA
"03033CSR",0,0,0,0,0,1,1,"PASS",1,6,0,NA,1,NA,6,"6",4,NA,NA,NA,"flag","flag","flag",NA,NA,NA,NA,NA,NA,NA,NA,"flag",NA,NA,NA,NA
"03044CSR",0,0,0,0,0,1,1,"PASS",1,6,0,NA,1,NA,6,"6",4,NA,NA,NA,"flag","flag","flag",NA,NA,NA,NA,NA,NA,NA,NA,"flag",NA,NA,NA,NA
"03047CSR",0,0,0,0,0,1,1,"PASS",1,6,0,NA,1,NA,6,"6",4,NA,NA,NA,"flag","flag","flag",NA,NA,NA,NA,NA,NA,NA,NA,"flag",NA,NA,NA,NA
"03060CSR",0,0,0,0,0,1,1,"PASS",1,6,0,NA,1,NA,6,"6",5,NA,NA,NA,"flag","flag","flag",NA,NA,"flag",NA,NA,NA,NA,NA,"flag",NA,NA,NA,NA
"03061CSR",0,0,0,0,0,1,1,"PASS",1,6,0,NA,1,NA,6,"6",4,NA,NA,NA,"flag","flag","flag",NA,NA,NA,NA,NA,NA,NA,NA,"flag",NA,NA,NA,NA
"03062CSR",0,0,0,0,0,1,1,"PASS",1,6,0,NA,1,NA,6,"6",4,NA,NA,NA,"flag","flag","flag",NA,NA,NA,NA,NA,NA,NA,NA,"flag",NA,NA,NA,NA
"03066CSR",0,0,0,0,0,1,1,"PASS",1,6,0,NA,1,NA,6,"6",4,NA,NA,NA,"flag","flag","flag",NA,NA,NA,NA,NA,NA,NA,NA,"flag",NA,NA,NA,NA
"03068CSR",0,0,0,0,0,1,1,"PASS",1,6,0,NA,1,NA,6,"6",4,NA,NA,NA,"flag","flag","flag",NA,NA,NA,NA,NA,NA,NA,NA,"flag",NA,NA,NA,NA
"03074CSR",0,0,0,0,0,1,1,"PASS",1,6,0,NA,1,NA,6,"6",5,NA,NA,NA,"flag","flag","flag",NA,NA,NA,NA,NA,NA,NA,NA,"flag","flag",NA,NA,NA
"03079CSR",0,0,0,0,0,1,1,"PASS",1,6,0,NA,1,NA,6,"6",5,NA,NA,NA,"flag","flag","flag",NA,NA,NA,NA,NA,NA,NA,NA,"flag","flag",NA,NA,NA
"03085CSR",0,0,0,0,0,1,1,"PASS",1,6,0,NA,1,NA,6,"6",5,NA,NA,NA,"flag","flag","flag",NA,NA,NA,NA,NA,NA,NA,NA,"flag","flag",NA,NA,NA
"03087CSR",0,0,0,0,0,1,1,"PASS",1,6,0,NA,1,NA,6,"6",7,NA,NA,NA,"flag","flag","flag",NA,NA,NA,"flag",NA,NA,NA,NA,"flag","flag","flag",NA,NA
"03095CSR",0,0,0,0,0,1,1,"PASS",1,6,0,NA,1,NA,6,"6",4,NA,NA,NA,"flag","flag","flag",NA,NA,NA,NA,NA,NA,NA,NA,"flag",NA,NA,NA,NA
"03108CSR",0,0,0,0,0,1,1,"PASS",1,6,0,NA,1,NA,6,"6",4,NA,NA,NA,"flag","flag","flag",NA,NA,NA,NA,NA,NA,NA,NA,"flag",NA,NA,NA,NA
"03118CSR",0,0,0,0,0,1,1,"PASS",1,6,0,NA,1,NA,6,"6",4,NA,NA,NA,"flag","flag","flag",NA,NA,NA,NA,NA,NA,NA,NA,"flag",NA,NA,NA,NA
"03131CSR",0,0,0,0,0,1,1,"PASS",1,6,0,NA,1,NA,6,"6",5,NA,NA,NA,"flag","flag","flag",NA,NA,NA,NA,NA,NA,NA,NA,"flag","flag",NA,NA,NA
"04005CSR",0,0,0,0,0,1,1,"PASS",1,6,0,NA,1,NA,6,"6",5,NA,NA,NA,"flag","flag","flag",NA,NA,NA,NA,NA,NA,NA,NA,"flag","flag",NA,NA,NA
"04006CSR",0,0,0,0,0,1,1,"PASS",1,6,0,NA,1,NA,6,"6",4,NA,NA,NA,"flag","flag","flag",NA,NA,NA,NA,NA,NA,NA,NA,"flag",NA,NA,NA,NA
"04028CSR",0,0,0,0,0,1,1,"PASS",1,6,0,NA,1,NA,6,"6",4,NA,NA,NA,"flag","flag","flag",NA,NA,NA,NA,NA,NA,NA,NA,"flag",NA,NA,NA,NA
"05013REF",0,0,0,0,0,1,1,"PASS",1,6,0,NA,1,NA,6,"6",4,NA,NA,NA,"flag","flag","flag",NA,NA,NA,NA,NA,NA,NA,NA,"flag",NA,NA,NA,NA
"05014REF",0,0,0,0,0,1,1,"PASS",1,6,0,NA,1,NA,6,"6",4,NA,NA,NA,"flag","flag","flag",NA,NA,NA,NA,NA,NA,NA,NA,"flag",NA,NA,NA,NA
"05014REFa",0,0,0,0,0,1,1,"PASS",1,6,0,NA,1,NA,6,"6",4,NA,NA,NA,"flag","flag","flag",NA,NA,NA,NA,NA,NA,NA,NA,"flag",NA,NA,NA,NA
"06002CSRa",0,0,0,0,0,1,1,"PASS",1,6,0,NA,1,NA,6,"6",6,NA,"flag",NA,"flag","flag","flag",NA,NA,NA,NA,NA,NA,NA,NA,"flag","flag",NA,NA,NA
"06025DFW",0,0,0,0,0,1,1,"PASS",1,6,0,NA,1,NA,6,"6",4,NA,NA,NA,"flag","flag","flag",NA,NA,NA,NA,NA,NA,NA,NA,"flag",NA,NA,NA,NA
"06095DFW",0,0,0,0,0,1,1,"PASS",1,6,0,NA,1,NA,6,"6",4,NA,NA,NA,"flag","flag","flag",NA,NA,NA,NA,NA,NA,NA,NA,"flag",NA,NA,NA,NA
"06162DFW",0,0,0,0,0,1,1,"PASS",1,6,0,NA,1,NA,6,"6",6,NA,NA,NA,"flag","flag","flag","flag",NA,NA,"flag",NA,NA,NA,NA,"flag",NA,NA,NA,NA
"07002DFW",0,0,0,0,0,1,1,"PASS",1,6,0,NA,1,NA,6,"6",4,NA,NA,NA,"flag","flag","flag",NA,NA,NA,NA,NA,NA,NA,NA,"flag",NA,NA,NA,NA
"07013DFW",0,0,0,0,0,1,1,"PASS",1,6,0,NA,1,NA,6,"6",6,NA,"flag",NA,"flag","flag","flag",NA,NA,NA,NA,NA,NA,NA,NA,"flag","flag",NA,NA,NA
"07028DFW",0,0,0,0,0,1,1,"PASS",1,6,0,NA,1,NA,6,"6",4,NA,NA,NA,"flag","flag","flag",NA,NA,NA,NA,NA,NA,NA,NA,"flag",NA,NA,NA,NA
"07029DFW",0,0,0,0,0,1,1,"PASS",1,6,0,NA,1,NA,6,"6",5,NA,NA,NA,"flag","flag","flag",NA,NA,NA,"flag",NA,NA,NA,NA,"flag",NA,NA,NA,NA
"07029DFWd",0,0,0,0,0,1,1,"PASS",1,6,0,NA,1,NA,6,"6",5,NA,NA,NA,"flag","flag","flag",NA,NA,NA,"flag",NA,NA,NA,NA,"flag",NA,NA,NA,NA
"08048DFW",0,0,0,0,0,1,1,"PASS",1,6,0,NA,1,NA,6,"6",6,NA,NA,NA,"flag","flag","flag","flag",NA,NA,"flag",NA,NA,NA,NA,"flag",NA,NA,NA,NA
"08107DFW",0,0,0,0,0,1,1,"PASS",1,6,0,NA,1,NA,6,"6",5,NA,NA,NA,"flag","flag","flag",NA,NA,NA,NA,NA,NA,NA,NA,"flag","flag",NA,NA,NA
"08109DFW",0,0,0,0,0,1,1,"PASS",1,6,0,NA,1,NA,6,"6",4,NA,NA,NA,"flag","flag","flag",NA,NA,NA,NA,NA,NA,NA,NA,"flag",NA,NA,NA,NA
"08117DFW",0,0,0,0,0,1,1,"PASS",1,6,0,NA,1,NA,6,"6",4,NA,NA,NA,"flag","flag","flag",NA,NA,NA,NA,NA,NA,NA,NA,"flag",NA,NA,NA,NA
"08117DFWd",0,0,0,0,0,1,1,"PASS",1,6,0,NA,1,NA,6,"6",4,NA,NA,NA,"flag","flag","flag",NA,NA,NA,NA,NA,NA,NA,NA,"flag",NA,NA,NA,NA
"09015DFW",0,0,0,0,0,1,1,"PASS",1,6,0,NA,1,NA,6,"6",7,NA,"flag",NA,"flag","flag","flag",NA,NA,NA,"flag",NA,NA,NA,NA,"flag","flag",NA,NA,NA
"09015DFWd",0,0,0,0,0,1,1,"PASS",1,6,0,NA,1,NA,6,"6",7,NA,"flag",NA,"flag","flag","flag",NA,NA,NA,"flag",NA,NA,NA,NA,"flag","flag",NA,NA,NA
"09054DFW",0,0,0,0,0,1,1,"PASS",1,6,0,NA,1,NA,6,"6",5,NA,NA,NA,"flag","flag","flag",NA,NA,NA,NA,NA,NA,NA,NA,"flag","flag",NA,NA,NA
"09106DFW",0,0,0,0,0,1,1,"PASS",1,6,0,NA,1,NA,6,"6",4,NA,NA,NA,"flag","flag","flag",NA,NA,NA,NA,NA,NA,NA,NA,"flag",NA,NA,NA,NA
"14005RBS",0,0,0,0,0,1,1,"PASS",1,6,0,NA,1,NA,6,"6",4,NA,NA,NA,"flag","flag","flag",NA,NA,NA,NA,NA,NA,NA,NA,"flag",NA,NA,NA,NA
"14008RBS",0,0,0,0,0,1,1,"PASS",1,6,0,NA,1,NA,6,"6",4,NA,NA,NA,"flag","flag","flag",NA,NA,NA,NA,NA,NA,NA,NA,"flag",NA,NA,NA,NA
"14015RBS",0,0,0,0,0,1,1,"PASS",1,6,0,NA,1,NA,6,"6",4,NA,NA,NA,"flag","flag","flag",NA,NA,NA,NA,NA,NA,NA,NA,"flag",NA,NA,NA,NA
"15009TRD",0,0,0,0,0,1,1,"PASS",1,6,0,NA,1,NA,6,"6",4,NA,NA,NA,"flag","flag","flag",NA,NA,NA,NA,NA,NA,NA,NA,"flag",NA,NA,NA,NA
"15010TRD",0,0,0,0,0,1,1,"PASS",1,6,0,NA,1,NA,6,"6",6,NA,"flag",NA,"flag","flag","flag",NA,NA,NA,NA,NA,NA,NA,NA,"flag","flag",NA,NA,NA
"16001TRD",0,0,0,0,0,1,1,"PASS",1,6,0,NA,1,NA,6,"6",5,NA,NA,NA,"flag","flag","flag",NA,NA,NA,NA,NA,NA,NA,NA,"flag","flag",NA,NA,NA
"16010TRD",0,0,0,0,0,1,1,"PASS",1,6,0,NA,1,NA,6,"6",4,NA,NA,NA,"flag","flag","flag",NA,NA,NA,NA,NA,NA,NA,NA,"flag",NA,NA,NA,NA
"16018PRB",0,0,0,0,0,1,1,"PASS",1,6,0,NA,1,NA,6,"6",4,NA,NA,NA,"flag","flag","flag",NA,NA,NA,NA,NA,NA,NA,NA,"flag",NA,NA,NA,NA
"17003TRD",0,0,0,0,0,1,1,"PASS",1,6,0,NA,1,NA,6,"6",5,NA,NA,NA,"flag","flag","flag",NA,NA,NA,NA,NA,NA,NA,NA,"flag","flag",NA,NA,NA
"17014TRD",0,0,0,0,0,1,1,"PASS",1,6,0,NA,1,NA,6,"6",4,NA,NA,NA,"flag","flag","flag",NA,NA,NA,NA,NA,NA,NA,NA,"flag",NA,NA,NA,NA
"5772_8645",0,0,0,0,0,1,1,"PASS",1,6,0,NA,1,NA,6,"6",4,NA,NA,NA,"flag","flag","flag",NA,NA,NA,NA,NA,NA,NA,NA,"flag",NA,NA,NA,NA
"7296_11895",0,0,0,0,0,1,1,"PASS",1,6,0,NA,1,NA,6,"6",4,NA,NA,NA,"flag","flag","flag",NA,NA,NA,NA,NA,NA,NA,NA,"flag",NA,NA,NA,NA
"8160_13009",0,0,0,0,0,1,1,"PASS",1,6,0,NA,1,NA,6,"6",5,NA,NA,NA,"flag","flag","flag",NA,NA,NA,NA,NA,NA,NA,NA,"flag","flag",NA,NA,NA
"8758_13684",0,0,0,0,0,1,1,"PASS",1,6,0,NA,1,NA,6,"6",4,NA,NA,NA,"flag","flag","flag",NA,NA,NA,NA,NA,NA,NA,NA,"flag",NA,NA,NA,NA
"8760_13686",0,0,0,0,0,1,1,"PASS",1,6,0,NA,1,NA,6,"6",7,NA,"flag",NA,"flag","flag","flag",NA,NA,NA,"flag",NA,NA,NA,NA,"flag","flag",NA,NA,NA
"8783_13706",0,0,0,0,0,1,1,"PASS",1,6,0,NA,1,NA,6,"6",4,NA,NA,NA,"flag","flag","flag",NA,NA,NA,NA,NA,NA,NA,NA,"flag",NA,NA,NA,NA
"9132_14066",0,0,0,0,0,1,1,"PASS",1,6,0,NA,1,NA,6,"6",6,NA,NA,NA,"flag","flag","flag",NA,NA,"flag",NA,NA,NA,NA,NA,"flag","flag",NA,NA,NA
"9259_14262",0,0,0,0,0,1,1,"PASS",1,6,0,NA,1,NA,6,"6",5,NA,NA,NA,"flag","flag","flag",NA,NA,NA,NA,NA,NA,NA,NA,"flag","flag",NA,NA,NA
"9708_14726",0,0,0,0,0,1,1,"PASS",1,6,0,NA,1,NA,6,"6",4,NA,NA,NA,"flag","flag","flag",NA,NA,NA,NA,NA,NA,NA,NA,"flag",NA,NA,NA,NA
"9769_14788",0,0,0,0,0,1,1,"PASS",1,6,0,NA,1,NA,6,"6",6,NA,NA,NA,"flag","flag","flag",NA,NA,"flag",NA,NA,NA,NA,NA,"flag","flag",NA,NA,NA
"BIO06600-BIGC04-DCE-2012-0828-10:25",0,0,0,0,0,1,1,"PASS",1,6,0,NA,1,NA,6,"6",4,NA,NA,NA,"flag","flag","flag",NA,NA,NA,NA,NA,NA,NA,NA,"flag",NA,NA,NA,NA
"BIO06600-BIGC04-DCE-2012-0920-10:50",0,0,0,0,0,1,1,"PASS",1,6,0,NA,1,NA,6,"6",4,NA,NA,NA,"flag","flag","flag",NA,NA,NA,NA,NA,NA,NA,NA,"flag",NA,NA,NA,NA
"BIO06600-BIGC04-DCE-2015-0727-13:04",0,0,0,0,0,1,1,"PASS",1,6,0,NA,1,NA,6,"6",4,NA,NA,NA,"flag","flag","flag",NA,NA,NA,NA,NA,NA,NA,NA,"flag",NA,NA,NA,NA
"BIO06600-BLAC77-DCE-2012-0911-11:15",0,0,0,0,0,1,1,"PASS",1,6,0,NA,1,NA,6,"6",6,NA,NA,NA,"flag","flag","flag",NA,NA,"flag","flag",NA,NA,NA,NA,"flag",NA,NA,NA,NA
"BIO06600-BLAC77-DCE-2014-1006-12:15",0,0,0,0,0,1,1,"PASS",1,6,0,NA,1,NA,6,"6",5,NA,NA,NA,"flag","flag","flag",NA,NA,NA,"flag",NA,NA,NA,NA,"flag",NA,NA,NA,NA
"BIO06600-BLAC77-DCE-2016-0817-10:09",0,0,0,0,0,1,1,"PASS",1,6,0,NA,1,NA,6,"6",4,NA,NA,NA,"flag","flag","flag",NA,NA,NA,NA,NA,NA,NA,NA,"flag",NA,NA,NA,NA
"BIO06600-CAYA04-DCE-2012-0827-10:00",0,0,0,0,0,1,1,"PASS",1,6,0,NA,1,NA,6,"6",4,NA,NA,NA,"flag","flag","flag",NA,NA,NA,NA,NA,NA,NA,NA,"flag",NA,NA,NA,NA
"BIO06600-CAYA04-DCE-2015-0728-11:30",0,0,0,0,0,1,1,"PASS",1,6,0,NA,1,NA,6,"6",7,NA,NA,NA,"flag","flag","flag",NA,NA,"flag","flag",NA,NA,NA,NA,"flag","flag",NA,NA,NA
"BIO06600-DEER04-DCE-2015-1012-12:10",0,0,0,0,0,1,1,"PASS",1,6,0,NA,1,NA,6,"6",4,NA,NA,NA,"flag","flag","flag",NA,NA,NA,NA,NA,NA,NA,NA,"flag",NA,NA,NA,NA
"BIO06600-GOLD77-DCE-2017-0816-16:02",0,0,0,0,0,1,1,"PASS",1,6,0,NA,1,NA,6,"6",7,NA,"flag",NA,"flag","flag","flag",NA,NA,NA,"flag",NA,NA,NA,NA,"flag","flag",NA,NA,NA
"BIO06600-HUCK04-DCE-2012-0828-10:15",0,0,0,0,0,1,1,"PASS",1,6,0,NA,1,NA,6,"6",5,NA,NA,NA,"flag","flag","flag",NA,NA,NA,NA,"flag",NA,NA,NA,"flag",NA,NA,NA,NA
"BIO06600-HUCK04-DCE-2014-0805-11:45",0,0,0,0,0,1,1,"PASS",1,6,0,NA,1,NA,6,"6",4,NA,NA,NA,"flag","flag","flag",NA,NA,NA,NA,NA,NA,NA,NA,"flag",NA,NA,NA,NA
"BIO06600-HUCK04-DCE-2014-0805-12:00",0,0,0,0,0,1,1,"PASS",1,6,0,NA,1,NA,6,"6",4,NA,NA,NA,"flag","flag","flag",NA,NA,NA,NA,NA,NA,NA,NA,"flag",NA,NA,NA,NA
"BIO06600-HUCK04-DCE-2015-1006-10:46",0,0,0,0,0,1,1,"PASS",1,6,0,NA,1,NA,6,"6",5,NA,NA,NA,"flag","flag","flag",NA,NA,NA,NA,"flag",NA,NA,NA,"flag",NA,NA,NA,NA
"BIO06600-HUCK04-DCE-2017-0802-10:08",0,0,0,0,0,1,1,"PASS",1,6,0,NA,1,NA,6,"6",5,NA,NA,NA,"flag","flag","flag",NA,NA,NA,NA,"flag",NA,NA,NA,"flag",NA,NA,NA,NA
"BIO06600-KALA04-DCE-2012-0830-11:30",0,0,0,0,0,1,1,"PASS",1,6,0,NA,1,NA,6,"6",7,NA,NA,NA,"flag","flag","flag",NA,NA,"flag",NA,"flag",NA,NA,NA,"flag","flag",NA,NA,NA
"BIO06600-NSKO01-DCE-2011-0920-11:00",0,0,0,0,0,1,1,"PASS",1,6,0,NA,1,NA,6,"6",6,NA,NA,NA,"flag","flag","flag",NA,NA,"flag",NA,NA,NA,NA,NA,"flag","flag",NA,NA,NA
"BIO06600-NSKO01-DCE-2014-0917-11:36",0,0,0,0,0,1,1,"PASS",1,6,0,NA,1,NA,6,"6",7,NA,NA,NA,"flag","flag","flag",NA,"flag","flag",NA,NA,NA,NA,NA,"flag","flag",NA,NA,NA
"BIO06600-NSKO01-DCE-2016-0915-10:04",0,0,0,0,0,1,1,"PASS",1,6,0,NA,1,NA,6,"6",6,NA,NA,NA,"flag","flag","flag",NA,"flag",NA,NA,NA,NA,NA,NA,"flag","flag",NA,NA,NA
"BIO06600-QUAR77-DCE-2015-0715-10:11",0,0,0,0,0,1,1,"PASS",1,6,0,NA,1,NA,6,"6",4,NA,NA,NA,"flag","flag","flag",NA,NA,NA,NA,NA,NA,NA,NA,"flag",NA,NA,NA,NA
"BIO06600-RACE77-DCE-2015-0813-11:45",0,0,0,0,0,1,1,"PASS",1,6,0,NA,1,NA,6,"6",5,NA,NA,NA,"flag","flag","flag",NA,NA,"flag",NA,NA,NA,NA,NA,"flag",NA,NA,NA,NA
"BIO06600-RACE77-DCE-2017-0809-10:59",0,0,0,0,0,1,1,"PASS",1,6,0,NA,1,NA,6,"6",4,NA,NA,NA,"flag","flag","flag",NA,NA,NA,NA,NA,NA,NA,NA,"flag",NA,NA,NA,NA
"BIO06600-ROBI77-DCE-2015-0930-08:25",0,0,0,0,0,1,1,"PASS",1,6,0,NA,1,NA,6,"6",4,NA,NA,NA,"flag","flag","flag",NA,NA,NA,NA,NA,NA,NA,NA,"flag",NA,NA,NA,NA
"BIO06600-RUSH04-DCE-2012-0918-09:15",0,0,0,0,0,1,1,"PASS",1,6,0,NA,1,NA,6,"6",4,NA,NA,NA,"flag","flag","flag",NA,NA,NA,NA,NA,NA,NA,NA,"flag",NA,NA,NA,NA
"BIO06600-RUSH04-DCE-2015-0908-08:33",0,0,0,0,0,1,1,"PASS",1,6,0,NA,1,NA,6,"6",4,NA,NA,NA,"flag","flag","flag",NA,NA,NA,NA,NA,NA,NA,NA,"flag",NA,NA,NA,NA
"BIO06600-RUSH04-DCE-2016-0830-09:10",0,0,0,0,0,1,1,"PASS",1,6,0,NA,1,NA,6,"6",6,NA,NA,NA,"flag","flag","flag",NA,NA,"flag",NA,NA,NA,NA,NA,"flag","flag",NA,NA,NA
"BIO06600-SINL77-DCE-2016-0921-09:58",0,0,0,0,0,1,1,"PASS",1,6,0,NA,1,NA,6,"6",4,NA,NA,NA,"flag","flag","flag",NA,NA,NA,NA,NA,NA,NA,NA,"flag",NA,NA,NA,NA
"BIO06600-SUMM04-DCE-2012-0829-09:30",0,0,0,0,0,1,1,"PASS",1,6,0,NA,1,NA,6,"6",4,NA,NA,NA,"flag","flag","flag",NA,NA,NA,NA,NA,NA,NA,NA,"flag",NA,NA,NA,NA
"BIO06600-SUMM04-DCE-2017-0726-09:59",0,0,0,0,0,1,1,"PASS",1,6,0,NA,1,NA,6,"6",4,NA,NA,NA,"flag","flag","flag",NA,NA,NA,NA,NA,NA,NA,NA,"flag",NA,NA,NA,NA
"BIO06600-SUND04-DCE-2015-0722-10:41",0,0,0,0,0,1,1,"PASS",1,6,0,NA,1,NA,6,"6",6,NA,NA,NA,"flag","flag","flag",NA,NA,"flag",NA,"flag",NA,NA,NA,"flag",NA,NA,NA,NA
"BIO06600-SUND04-DCE-2017-0725-10:10",0,0,0,0,0,1,1,"PASS",1,6,0,NA,1,NA,6,"6",6,NA,NA,NA,"flag","flag","flag",NA,"flag",NA,NA,"flag",NA,NA,NA,"flag",NA,NA,NA,NA
"BIO06600-WARC77-DCE-2012-0816-08:50",0,0,0,0,0,1,1,"PASS",1,6,0,NA,1,NA,6,"6",4,NA,NA,NA,"flag","flag","flag",NA,NA,NA,NA,NA,NA,NA,NA,"flag",NA,NA,NA,NA
"BIO06600-WARC77-DCE-2015-0923-09:04",0,0,0,0,0,1,1,"PASS",1,6,0,NA,1,NA,6,"6",5,NA,NA,NA,"flag","flag","flag",NA,NA,NA,NA,"flag",NA,NA,NA,"flag",NA,NA,NA,NA
"BIO06600-WARC77-DCE-2017-0816-08:47",0,0,0,0,0,1,1,"PASS",1,6,0,NA,1,NA,6,"6",5,NA,NA,NA,"flag","flag","flag",NA,NA,NA,NA,"flag",NA,NA,NA,"flag",NA,NA,NA,NA
"BIO06600-YOUN02-DCE-2013-0731-12:00",0,0,0,0,0,1,1,"PASS",1,6,0,NA,1,NA,6,"6",4,NA,NA,NA,"flag","flag","flag",NA,NA,NA,NA,NA,NA,NA,NA,"flag",NA,NA,NA,NA
"BIO06600-YOUN02-DCE-2017-0712-13:41",0,0,0,0,0,1,1,"PASS",1,6,0,NA,1,NA,6,"6",5,NA,NA,NA,"flag","flag","flag",NA,NA,NA,NA,NA,NA,NA,NA,"flag","flag",NA,NA,NA
"ERR06600-049208-DCE-2012-0803-10:30",0,0,0,0,0,1,1,"PASS",1,6,0,NA,1,NA,6,"6",6,NA,NA,NA,"flag","flag","flag",NA,NA,"flag",NA,NA,NA,NA,NA,"flag","flag",NA,NA,NA
"SEN06600-LAUG07-DCE-2011-0913-12:00",0,0,0,0,0,1,1,"PASS",1,6,0,NA,1,NA,6,"6",4,NA,NA,NA,"flag","flag","flag",NA,NA,NA,NA,NA,NA,NA,NA,"flag",NA,NA,NA,NA
"SEN06600-LAUG07-DCE-2012-0905-11:30",0,0,0,0,0,1,1,"PASS",1,6,0,NA,1,NA,6,"6",4,NA,NA,NA,"flag","flag","flag",NA,NA,NA,NA,NA,NA,NA,NA,"flag",NA,NA,NA,NA
"SEN06600-LAUG07-DCE-2013-0910-12:30",0,0,0,0,0,1,1,"PASS",1,6,0,NA,1,NA,6,"6",4,NA,NA,NA,"flag","flag","flag",NA,NA,NA,NA,NA,NA,NA,NA,"flag",NA,NA,NA,NA
"SEN06600-LAUG07-DCE-2014-0806-11:00",0,0,0,0,0,1,1,"PASS",1,6,0,NA,1,NA,6,"6",6,NA,NA,NA,"flag","flag","flag",NA,NA,"flag",NA,NA,NA,NA,NA,"flag","flag",NA,NA,NA
"SEN06600-LAUG07-DCE-2015-0923-11:23",0,0,0,0,0,1,1,"PASS",1,6,0,NA,1,NA,6,"6",4,NA,NA,NA,"flag","flag","flag",NA,NA,NA,NA,NA,NA,NA,NA,"flag",NA,NA,NA,NA
"SEN06600-LAUG07-DCE-2016-0810-10:34",0,0,0,0,0,1,1,"PASS",1,6,0,NA,1,NA,6,"6",4,NA,NA,NA,"flag","flag","flag",NA,NA,NA,NA,NA,NA,NA,NA,"flag",NA,NA,NA,NA
"SEN06600-LAUG07-DCE-2017-0830-11:19",0,0,0,0,0,1,1,"PASS",1,6,0,NA,1,NA,6,"6",4,NA,NA,NA,"flag","flag","flag",NA,NA,NA,NA,NA,NA,NA,NA,"flag",NA,NA,NA,NA
"SEN06600-MARB21-DCE-2012-0814-12:30",0,0,0,0,0,1,1,"PASS",1,6,0,NA,1,NA,6,"6",6,NA,NA,NA,"flag","flag","flag",NA,NA,"flag",NA,NA,NA,NA,NA,"flag","flag",NA,NA,NA
"SEN06600-MARB21-DCE-2013-0821-10:15",0,0,0,0,0,1,1,"PASS",1,6,0,NA,1,NA,6,"6",4,NA,NA,NA,"flag","flag","flag",NA,NA,NA,NA,NA,NA,NA,NA,"flag",NA,NA,NA,NA
"SEN06600-MARB21-DCE-2014-0828-11:00",0,0,0,0,0,1,1,"PASS",1,6,0,NA,1,NA,6,"6",4,NA,NA,NA,"flag","flag","flag",NA,NA,NA,NA,NA,NA,NA,NA,"flag",NA,NA,NA,NA
"SEN06600-MARB21-DCE-2015-0915-08:22",0,0,0,0,0,1,1,"PASS",1,6,0,NA,1,NA,6,"6",4,NA,NA,NA,"flag","flag","flag",NA,NA,NA,NA,NA,NA,NA,NA,"flag",NA,NA,NA,NA
"SEN06600-MARB21-DCE-2016-0728-09:30",0,0,0,0,0,1,1,"PASS",1,6,0,NA,1,NA,6,"6",5,NA,NA,NA,"flag","flag","flag",NA,NA,NA,NA,"flag",NA,NA,NA,"flag",NA,NA,NA,NA
"SEN06600-MARB21-DCE-2017-0727-10:00",0,0,0,0,0,1,1,"PASS",1,6,0,NA,1,NA,6,"6",5,NA,NA,NA,"flag","flag","flag",NA,NA,NA,NA,"flag",NA,NA,NA,"flag",NA,NA,NA,NA
"SEN06600-POOR22-DCE-2012-0816-09:25",0,0,0,0,0,1,1,"PASS",1,6,0,NA,1,NA,6,"6",4,NA,NA,NA,"flag","flag","flag",NA,NA,NA,NA,NA,NA,NA,NA,"flag",NA,NA,NA,NA
"SEN06600-POOR22-DCE-2013-0820-10:00",0,0,0,0,0,1,1,"PASS",1,6,0,NA,1,NA,6,"6",4,NA,NA,NA,"flag","flag","flag",NA,NA,NA,NA,NA,NA,NA,NA,"flag",NA,NA,NA,NA
"SEN06600-POOR22-DCE-2014-0827-10:12",0,0,0,0,0,1,1,"PASS",1,6,0,NA,1,NA,6,"6",4,NA,NA,NA,"flag","flag","flag",NA,NA,NA,NA,NA,NA,NA,NA,"flag",NA,NA,NA,NA
"SEN06600-POOR22-DCE-2015-0916-11:36",0,0,0,0,0,1,1,"PASS",1,6,0,NA,1,NA,6,"6",4,NA,NA,NA,"flag","flag","flag",NA,NA,NA,NA,NA,NA,NA,NA,"flag",NA,NA,NA,NA
"SEN06600-POOR22-DCE-2016-0726-10:51",0,0,0,0,0,1,1,"PASS",1,6,0,NA,1,NA,6,"6",4,NA,NA,NA,"flag","flag","flag",NA,NA,NA,NA,NA,NA,NA,NA,"flag",NA,NA,NA,NA
"SEN06600-POOR22-DCE-2017-0725-10:30",0,0,0,0,0,1,1,"PASS",1,6,0,NA,1,NA,6,"6",4,NA,NA,NA,"flag","flag","flag",NA,NA,NA,NA,NA,NA,NA,NA,"flag",NA,NA,NA,NA
"SEN06600-TEAN04-DCE-2010-0923-10:20",0,0,0,0,0,1,1,"PASS",1,6,0,NA,1,NA,6,"6",4,NA,NA,NA,"flag","flag","flag",NA,NA,NA,NA,NA,NA,NA,NA,"flag",NA,NA,NA,NA
"SEN06600-TEAN04-DCE-2012-0724-11:50",0,0,0,0,0,1,1,"PASS",1,6,0,NA,1,NA,6,"6",5,NA,NA,NA,"flag","flag","flag",NA,NA,NA,NA,NA,NA,NA,NA,"flag","flag",NA,NA,NA
"SEN06600-TEAN04-DCE-2012-1010-09:30",0,0,0,0,0,1,1,"PASS",1,6,0,NA,1,NA,6,"6",7,NA,NA,NA,"flag","flag","flag",NA,NA,"flag",NA,"flag",NA,NA,NA,"flag","flag",NA,NA,NA
"SEN06600-TEAN04-DCE-2013-0917-09:30",0,0,0,0,0,1,1,"PASS",1,6,0,NA,1,NA,6,"6",4,NA,NA,NA,"flag","flag","flag",NA,NA,NA,NA,NA,NA,NA,NA,"flag",NA,NA,NA,NA
"SEN06600-TEAN04-DCE-2014-0924-10:57",0,0,0,0,0,1,1,"PASS",1,6,0,NA,1,NA,6,"6",4,NA,NA,NA,"flag","flag","flag",NA,NA,NA,NA,NA,NA,NA,NA,"flag",NA,NA,NA,NA
"SEN06600-TEAN04-DCE-2015-0901-10:30",0,0,0,0,0,1,1,"PASS",1,6,0,NA,1,NA,6,"6",5,NA,NA,NA,"flag","flag","flag",NA,NA,"flag",NA,NA,NA,NA,NA,"flag",NA,NA,NA,NA
"SEN06600-TEAN04-DCE-2016-0803-10:35",0,0,0,0,0,1,1,"PASS",1,6,0,NA,1,NA,6,"6",4,NA,NA,NA,"flag","flag","flag",NA,NA,NA,NA,NA,NA,NA,NA,"flag",NA,NA,NA,NA
"SEN06600-TEAN04-DCE-2017-1002-12:16",0,0,0,0,0,1,1,"PASS",1,6,0,NA,1,NA,6,"6",4,NA,NA,NA,"flag","flag","flag",NA,NA,NA,NA,NA,NA,NA,NA,"flag",NA,NA,NA,NA
"SEN06600-TRAP08-DCE-2010-0824-11:30",0,0,0,0,0,1,1,"PASS",1,6,0,NA,1,NA,6,"6",5,NA,NA,NA,"flag","flag","flag",NA,NA,"flag",NA,NA,NA,NA,NA,"flag",NA,NA,NA,NA
"SEN06600-TRAP08-DCE-2011-0914-12:00",0,0,0,0,0,1,1,"PASS",1,6,0,NA,1,NA,6,"6",4,NA,NA,NA,"flag","flag","flag",NA,NA,NA,NA,NA,NA,NA,NA,"flag",NA,NA,NA,NA
"SEN06600-TRAP08-DCE-2012-0904-13:45",0,0,0,0,0,1,1,"PASS",1,6,0,NA,1,NA,6,"6",5,NA,NA,NA,"flag","flag","flag",NA,"flag",NA,NA,NA,NA,NA,NA,"flag",NA,NA,NA,NA
"SEN06600-TRAP08-DCE-2013-0909-13:10",0,0,0,0,0,1,1,"PASS",1,6,0,NA,1,NA,6,"6",4,NA,NA,NA,"flag","flag","flag",NA,NA,NA,NA,NA,NA,NA,NA,"flag",NA,NA,NA,NA
"SEN06600-TRAP08-DCE-2014-0915-15:32",0,0,0,0,0,1,1,"PASS",1,6,0,NA,1,NA,6,"6",4,NA,NA,NA,"flag","flag","flag",NA,NA,NA,NA,NA,NA,NA,NA,"flag",NA,NA,NA,NA
"SEN06600-TRAP08-DCE-2015-0922-12:47",0,0,0,0,0,1,1,"PASS",1,6,0,NA,1,NA,6,"6",4,NA,NA,NA,"flag","flag","flag",NA,NA,NA,NA,NA,NA,NA,NA,"flag",NA,NA,NA,NA
"SEN06600-TRAP08-DCE-2017-0829-09:31",0,0,0,0,0,1,1,"PASS",1,6,0,NA,1,NA,6,"6",5,NA,NA,NA,"flag","flag","flag",NA,"flag",NA,NA,NA,NA,NA,NA,"flag",NA,NA,NA,NA
"SEN06600-TWEN05-DCE-2010-0928-13:20",0,0,0,0,0,1,1,"PASS",1,6,0,NA,1,NA,6,"6",4,NA,NA,NA,"flag","flag","flag",NA,NA,NA,NA,NA,NA,NA,NA,"flag",NA,NA,NA,NA
"SEN06600-TWEN05-DCE-2011-0802-10:10",0,0,0,0,0,1,1,"PASS",1,6,0,NA,1,NA,6,"6",6,NA,"flag",NA,"flag","flag","flag",NA,NA,NA,NA,NA,NA,NA,NA,"flag","flag",NA,NA,NA
"SEN06600-TWEN05-DCE-2012-0815-10:30",0,0,0,0,0,1,1,"PASS",1,6,0,NA,1,NA,6,"6",6,NA,NA,NA,"flag","flag","flag",NA,NA,NA,NA,"flag",NA,NA,NA,"flag","flag",NA,NA,NA
"SEN06600-TWEN05-DCE-2013-0819-10:43",0,0,0,0,0,1,1,"PASS",1,6,0,NA,1,NA,6,"6",4,NA,NA,NA,"flag","flag","flag",NA,NA,NA,NA,NA,NA,NA,NA,"flag",NA,NA,NA,NA
"SEN06600-TWEN05-DCE-2014-0826-13:30",0,0,0,0,0,1,1,"PASS",1,6,0,NA,1,NA,6,"6",5,NA,NA,NA,"flag","flag","flag",NA,NA,NA,NA,"flag",NA,NA,NA,"flag",NA,NA,NA,NA
"SEN06600-TWEN05-DCE-2015-0917-09:35",0,0,0,0,0,1,1,"PASS",1,6,0,NA,1,NA,6,"6",4,NA,NA,NA,"flag","flag","flag",NA,NA,NA,NA,NA,NA,NA,NA,"flag",NA,NA,NA,NA
"SEN06600-TWEN05-DCE-2016-0727-09:54",0,0,0,0,0,1,1,"PASS",1,6,0,NA,1,NA,6,"6",6,NA,NA,NA,"flag","flag","flag",NA,NA,NA,NA,"flag",NA,NA,NA,"flag","flag",NA,NA,NA
"SEN06600-TWEN05-DCE-2017-0726-10:18",0,0,0,0,0,1,1,"PASS",1,6,0,NA,1,NA,6,"6",6,NA,NA,NA,"flag","flag","flag",NA,NA,NA,NA,"flag",NA,NA,NA,"flag","flag",NA,NA,NA
"WAM06600-000188-DCE-2012-0724-13:40",0,0,0,0,0,1,1,"PASS",1,6,0,NA,1,NA,6,"6",6,NA,NA,NA,"flag","flag","flag",NA,NA,NA,"flag",NA,NA,NA,NA,"flag","flag",NA,NA,NA
"WAM06600-000188-DCE-2012-0826-10:50",0,0,0,0,0,1,1,"PASS",1,6,0,NA,1,NA,6,"6",4,NA,NA,NA,"flag","flag","flag",NA,NA,NA,NA,NA,NA,NA,NA,"flag",NA,NA,NA,NA
"WAM06600-000672-DCE-2009-0923-11:09",0,0,0,0,0,1,1,"PASS",1,6,0,NA,1,NA,6,"6",4,NA,NA,NA,"flag","flag","flag",NA,NA,NA,NA,NA,NA,NA,NA,"flag",NA,NA,NA,NA
"WAM06600-000672-DCE-2013-0816-11:45",0,0,0,0,0,1,1,"PASS",1,6,0,NA,1,NA,6,"6",4,NA,NA,NA,"flag","flag","flag",NA,NA,NA,NA,NA,NA,NA,NA,"flag",NA,NA,NA,NA
"WAM06600-000857-DCE-2010-0729-12:57",0,0,0,0,0,1,1,"PASS",1,6,0,NA,1,NA,6,"6",4,NA,NA,NA,"flag","flag","flag",NA,NA,NA,NA,NA,NA,NA,NA,"flag",NA,NA,NA,NA
"WAM06600-001402-DCE-2009-0927-11:00",0,0,0,0,0,1,1,"PASS",1,6,0,NA,1,NA,6,"6",4,NA,NA,NA,"flag","flag","flag",NA,NA,NA,NA,NA,NA,NA,NA,"flag",NA,NA,NA,NA
"WAM06600-001402-DCE-2013-0721-09:47",0,0,0,0,0,1,1,"PASS",1,6,0,NA,1,NA,6,"6",5,NA,NA,NA,"flag","flag","flag",NA,NA,NA,NA,NA,NA,NA,NA,"flag","flag",NA,NA,NA
"WAM06600-001405-DCE-2010-0914-12:30",0,0,0,0,0,1,1,"PASS",1,6,0,NA,1,NA,6,"6",4,NA,NA,NA,"flag","flag","flag",NA,NA,NA,NA,NA,NA,NA,NA,"flag",NA,NA,NA,NA
"WAM06600-001405-DCE-2014-0815-10:35",0,0,0,0,0,1,1,"PASS",1,6,0,NA,1,NA,6,"6",5,NA,NA,NA,"flag","flag","flag",NA,NA,NA,"flag",NA,NA,NA,NA,"flag",NA,NA,NA,NA
"WAM06600-001418-DCE-2013-0711-11:34",0,0,0,0,0,1,1,"PASS",1,6,0,NA,1,NA,6,"6",6,NA,NA,NA,"flag","flag","flag",NA,NA,NA,NA,"flag",NA,NA,NA,"flag","flag",NA,NA,NA
"WAM06600-001598-DCE-2011-0802-10:00",0,0,0,0,0,1,1,"PASS",1,6,0,NA,1,NA,6,"6",4,NA,NA,NA,"flag","flag","flag",NA,NA,NA,NA,NA,NA,NA,NA,"flag",NA,NA,NA,NA
"WAM06600-001598-DCE-2015-0812-08:46",0,0,0,0,0,1,1,"PASS",1,6,0,NA,1,NA,6,"6",4,NA,NA,NA,"flag","flag","flag",NA,NA,NA,NA,NA,NA,NA,NA,"flag",NA,NA,NA,NA
"WAM06600-001966-DCE-2011-0801-11:52",0,0,0,0,0,1,1,"PASS",1,6,0,NA,1,NA,6,"6",6,NA,NA,NA,"flag","flag","flag",NA,NA,"flag",NA,NA,NA,NA,NA,"flag","flag",NA,NA,NA
"WAM06600-001968-DCE-2012-0810-09:30",0,0,0,0,0,1,1,"PASS",1,6,0,NA,1,NA,6,"6",4,NA,NA,NA,"flag","flag","flag",NA,NA,NA,NA,NA,NA,NA,NA,"flag",NA,NA,NA,NA
"WAM06600-001968-DCE-2017-0725-09:50",0,0,0,0,0,1,1,"PASS",1,6,0,NA,1,NA,6,"6",4,NA,NA,NA,"flag","flag","flag",NA,NA,NA,NA,NA,NA,NA,NA,"flag",NA,NA,NA,NA
"WAM06600-003182-DCE-2011-0803-09:17",0,0,0,0,0,1,1,"PASS",1,6,0,NA,1,NA,6,"6",4,NA,NA,NA,"flag","flag","flag",NA,NA,NA,NA,NA,NA,NA,NA,"flag",NA,NA,NA,NA
"WAM06600-003182-DCE-2015-0813-09:47",0,0,0,0,0,1,1,"PASS",1,6,0,NA,1,NA,6,"6",5,NA,NA,NA,"flag","flag","flag",NA,NA,"flag",NA,NA,NA,NA,NA,"flag",NA,NA,NA,NA
"WAM06600-003672-DCE-2012-0730-11:30",0,0,0,0,0,1,1,"PASS",1,6,0,NA,1,NA,6,"6",4,NA,NA,NA,"flag","flag","flag",NA,NA,NA,NA,NA,NA,NA,NA,"flag",NA,NA,NA,NA
"WAM06600-003672-DCE-2017-0724-09:28",0,0,0,0,0,1,1,"PASS",1,6,0,NA,1,NA,6,"6",4,NA,NA,NA,"flag","flag","flag",NA,NA,NA,NA,NA,NA,NA,NA,"flag",NA,NA,NA,NA
"WAM06600-003752-DCE-2012-0728-13:30",0,0,0,0,0,1,1,"PASS",1,6,0,NA,1,NA,6,"6",4,NA,NA,NA,"flag","flag","flag",NA,NA,NA,NA,NA,NA,NA,NA,"flag",NA,NA,NA,NA
"WAM06600-003752-DCE-2017-0722-08:34",0,0,0,0,0,1,1,"PASS",1,6,0,NA,1,NA,6,"6",7,NA,"flag",NA,"flag","flag","flag",NA,NA,NA,"flag",NA,NA,NA,NA,"flag","flag",NA,NA,NA
"WAM06600-003752-DCE-2017-0818-08:16",0,0,0,0,0,1,1,"PASS",1,6,0,NA,1,NA,6,"6",6,NA,"flag",NA,"flag","flag","flag",NA,NA,NA,NA,NA,NA,NA,NA,"flag","flag",NA,NA,NA
"WAM06600-004206-DCE-2013-0822-10:36",0,0,0,0,0,1,1,"PASS",1,6,0,NA,1,NA,6,"6",4,NA,NA,NA,"flag","flag","flag",NA,NA,NA,NA,NA,NA,NA,NA,"flag",NA,NA,NA,NA
"WAM06600-004237-DCE-2014-0716-11:33",0,0,0,0,0,1,1,"PASS",1,6,0,NA,1,NA,6,"6",4,NA,NA,NA,"flag","flag","flag",NA,NA,NA,NA,NA,NA,NA,NA,"flag",NA,NA,NA,NA
"WAM06600-005141-DCE-2010-0723-12:00",0,0,0,0,0,1,1,"PASS",1,6,0,NA,1,NA,6,"6",5,NA,NA,NA,"flag","flag","flag",NA,NA,"flag",NA,NA,NA,NA,NA,"flag",NA,NA,NA,NA
"WAM06600-005141-DCE-2014-0729-13:55",0,0,0,0,0,1,1,"PASS",1,6,0,NA,1,NA,6,"6",5,NA,NA,NA,"flag","flag","flag",NA,"flag",NA,NA,NA,NA,NA,NA,"flag",NA,NA,NA,NA
"WAM06600-005973-DCE-2010-0722-14:35",0,0,0,0,0,1,1,"PASS",1,6,0,NA,1,NA,6,"6",5,NA,NA,NA,"flag","flag","flag",NA,"flag",NA,NA,NA,NA,NA,NA,"flag",NA,NA,NA,NA
"WAM06600-006062-DCE-2011-0810-10:55",0,0,0,0,0,1,1,"PASS",1,6,0,NA,1,NA,6,"6",5,NA,NA,NA,"flag","flag","flag",NA,NA,NA,NA,"flag",NA,NA,NA,"flag",NA,NA,NA,NA
"WAM06600-007006-DCE-2011-0801-09:56",0,0,0,0,0,1,1,"PASS",1,6,0,NA,1,NA,6,"6",6,NA,NA,NA,"flag","flag","flag",NA,NA,"flag",NA,NA,NA,NA,NA,"flag","flag",NA,NA,NA
"WAM06600-008504-DCE-2012-0801-09:30",0,0,0,0,0,1,1,"PASS",1,6,0,NA,1,NA,6,"6",5,NA,NA,NA,"flag","flag","flag",NA,NA,NA,NA,NA,NA,NA,NA,"flag","flag",NA,NA,NA
"WAM06600-008504-DCE-2017-0725-09:44",0,0,0,0,0,1,1,"PASS",1,6,0,NA,1,NA,6,"6",7,NA,"flag",NA,"flag","flag","flag",NA,NA,NA,"flag",NA,NA,NA,NA,"flag","flag",NA,NA,NA
"WAM06600-009134-DCE-2011-0828-11:35",0,0,0,0,0,1,1,"PASS",1,6,0,NA,1,NA,6,"6",6,NA,NA,NA,"flag","flag","flag",NA,NA,"flag",NA,NA,NA,NA,NA,"flag","flag",NA,NA,NA
"WAM06600-009134-DCE-2015-0825-09:40",0,0,0,0,0,1,1,"PASS",1,6,0,NA,1,NA,6,"6",5,NA,NA,NA,"flag","flag","flag",NA,NA,NA,NA,NA,NA,NA,NA,"flag","flag",NA,NA,NA
"WAM06600-009724-DCE-2012-0829-08:15",0,0,0,0,0,1,1,"PASS",1,6,0,NA,1,NA,6,"6",5,NA,NA,NA,"flag","flag","flag",NA,NA,"flag",NA,NA,NA,NA,NA,"flag",NA,NA,NA,NA
"WAM06600-009724-DCE-2017-0724-09:45",0,0,0,0,0,1,1,"PASS",1,6,0,NA,1,NA,6,"6",5,NA,NA,NA,"flag","flag","flag",NA,"flag",NA,NA,NA,NA,NA,NA,"flag",NA,NA,NA,NA
"WAM06600-009724-DCE-2017-0822-09:24",0,0,0,0,0,1,1,"PASS",1,6,0,NA,1,NA,6,"6",5,NA,NA,NA,"flag","flag","flag",NA,"flag",NA,NA,NA,NA,NA,NA,"flag",NA,NA,NA,NA
"WAM06600-009790-DCE-2011-0827-15:40",0,0,0,0,0,1,1,"PASS",1,6,0,NA,1,NA,6,"6",5,NA,NA,NA,"flag","flag","flag",NA,NA,NA,NA,NA,NA,NA,NA,"flag","flag",NA,NA,NA
"WAM06600-009790-DCE-2015-0811-09:30",0,0,0,0,0,1,1,"PASS",1,6,0,NA,1,NA,6,"6",5,NA,NA,NA,"flag","flag","flag",NA,"flag",NA,NA,NA,NA,NA,NA,"flag",NA,NA,NA,NA
"WAM06600-011061-DCE-2014-0727-10:21",0,0,0,0,0,1,1,"PASS",1,6,0,NA,1,NA,6,"6",7,NA,NA,NA,"flag","flag","flag",NA,"flag",NA,"flag",NA,NA,NA,NA,"flag","flag",NA,NA,NA
"WAM06600-011788-DCE-2012-0818-11:20",0,0,0,0,0,1,1,"PASS",1,6,0,NA,1,NA,6,"6",7,NA,"flag",NA,"flag","flag","flag",NA,NA,NA,"flag",NA,NA,NA,NA,"flag","flag",NA,NA,NA
"WAM06600-011788-DCE-2017-0723-11:40",0,0,0,0,0,1,1,"PASS",1,6,0,NA,1,NA,6,"6",7,NA,"flag",NA,"flag","flag","flag",NA,NA,NA,"flag",NA,NA,NA,NA,"flag","flag",NA,NA,NA
"WAM06600-011788-DCE-2017-0819-08:59",0,0,0,0,0,1,1,"PASS",1,6,0,NA,1,NA,6,"6",7,NA,"flag",NA,"flag","flag","flag",NA,NA,NA,"flag",NA,NA,NA,NA,"flag","flag",NA,NA,NA
"WAM06600-013920-DCE-2017-0712-09:27",0,0,0,0,0,1,1,"PASS",1,6,0,NA,1,NA,6,"6",7,NA,"flag",NA,"flag","flag","flag",NA,NA,NA,"flag",NA,NA,NA,NA,"flag","flag",NA,NA,NA
"WAM06600-017264-DCE-2012-0731-14:30",0,0,0,0,0,1,1,"PASS",1,6,0,NA,1,NA,6,"6",4,NA,NA,NA,"flag","flag","flag",NA,NA,NA,NA,NA,NA,NA,NA,"flag",NA,NA,NA,NA
"WAM06600-017264-DCE-2017-0901-09:15",0,0,0,0,0,1,1,"PASS",1,6,0,NA,1,NA,6,"6",4,NA,NA,NA,"flag","flag","flag",NA,NA,NA,NA,NA,NA,NA,NA,"flag",NA,NA,NA,NA
"WAM06600-017616-DCE-2012-0813-10:15",0,0,0,0,0,1,1,"PASS",1,6,0,NA,1,NA,6,"6",4,NA,NA,NA,"flag","flag","flag",NA,NA,NA,NA,NA,NA,NA,NA,"flag",NA,NA,NA,NA
"WAM06600-017680-DCE-2012-0814-09:30",0,0,0,0,0,1,1,"PASS",1,6,0,NA,1,NA,6,"6",5,NA,NA,NA,"flag","flag","flag",NA,NA,"flag",NA,NA,NA,NA,NA,"flag",NA,NA,NA,NA
"WAM06600-018208-DCE-2012-0808-13:50",0,0,0,0,0,1,1,"PASS",1,6,0,NA,1,NA,6,"6",6,NA,NA,NA,"flag","flag","flag",NA,NA,NA,"flag",NA,NA,NA,NA,"flag","flag",NA,NA,NA
"WAM06600-018296-DCE-2012-0815-11:00",0,0,0,0,0,1,1,"PASS",1,6,0,NA,1,NA,6,"6",7,NA,NA,NA,"flag","flag","flag",NA,NA,"flag","flag",NA,NA,NA,NA,"flag","flag",NA,NA,NA
"WAM06600-020634-DCE-2015-0806-09:23",0,0,0,0,0,1,1,"PASS",1,6,0,NA,1,NA,6,"6",5,NA,NA,NA,"flag","flag","flag",NA,NA,"flag",NA,NA,NA,NA,NA,"flag",NA,NA,NA,NA
"WAM06600-021552-DCE-2017-0821-10:55",0,0,0,0,0,1,1,"PASS",1,6,0,NA,1,NA,6,"6",5,NA,NA,NA,"flag","flag","flag",NA,NA,NA,"flag",NA,NA,NA,NA,"flag",NA,NA,NA,NA
"WAM06600-021900-DCE-2017-0819-08:52",0,0,0,0,0,1,1,"PASS",1,6,0,NA,1,NA,6,"6",6,NA,NA,NA,"flag","flag","flag",NA,NA,"flag",NA,NA,NA,NA,NA,"flag","flag",NA,NA,NA
"WAM06600-024284-DCE-2012-0804-09:00",0,0,0,0,0,1,1,"PASS",1,6,0,NA,1,NA,6,"6",4,NA,NA,NA,"flag","flag","flag",NA,NA,NA,NA,NA,NA,NA,NA,"flag",NA,NA,NA,NA
"WAM06600-024830-DCE-2015-0930-09:26",0,0,0,0,0,1,1,"PASS",1,6,0,NA,1,NA,6,"6",6,NA,NA,NA,"flag","flag","flag",NA,NA,"flag","flag",NA,NA,NA,NA,"flag",NA,NA,NA,NA
"WAM06600-034366-DCE-2011-0817-17:15",0,0,0,0,0,1,1,"PASS",1,6,0,NA,1,NA,6,"6",6,NA,NA,NA,"flag","flag","flag",NA,NA,"flag",NA,NA,NA,NA,NA,"flag","flag",NA,NA,NA
"WAM06600-034366-DCE-2015-0715-09:04",0,0,0,0,0,1,1,"PASS",1,6,0,NA,1,NA,6,"6",5,NA,NA,NA,"flag","flag","flag",NA,NA,"flag",NA,NA,NA,NA,NA,"flag",NA,NA,NA,NA
"WAM06600-035408-DCE-2012-0731-09:30",0,0,0,0,0,1,1,"PASS",1,6,0,NA,1,NA,6,"6",7,NA,"flag",NA,"flag","flag","flag",NA,NA,NA,"flag",NA,NA,NA,NA,"flag","flag",NA,NA,NA
"WAM06600-035408-DCE-2012-0829-14:30",0,0,0,0,0,1,1,"PASS",1,6,0,NA,1,NA,6,"6",7,NA,"flag",NA,"flag","flag","flag",NA,NA,NA,"flag",NA,NA,NA,NA,"flag","flag",NA,NA,NA
"WAM06600-035408-DCE-2017-0708-09:36",0,0,0,0,0,1,1,"PASS",1,6,0,NA,1,NA,6,"6",8,NA,"flag",NA,"flag","flag","flag",NA,NA,NA,"flag","flag",NA,NA,NA,"flag","flag",NA,NA,NA
"WAM06600-038208-DCE-2012-0811-09:30",0,0,0,0,0,1,1,"PASS",1,6,0,NA,1,NA,6,"6",6,NA,"flag",NA,"flag","flag","flag",NA,NA,NA,NA,NA,NA,NA,NA,"flag","flag",NA,NA,NA
"WAM06600-038208-DCE-2017-0709-10:05",0,0,0,0,0,1,1,"PASS",1,6,0,NA,1,NA,6,"6",5,NA,NA,NA,"flag","flag","flag",NA,NA,"flag",NA,NA,NA,NA,NA,"flag",NA,NA,NA,NA
"WAM06600-040711-DCE-2017-0805-08:45",0,0,0,0,0,1,1,"PASS",1,6,0,NA,1,NA,6,"6",6,NA,NA,NA,"flag","flag","flag",NA,NA,"flag",NA,NA,NA,NA,NA,"flag","flag",NA,NA,NA
"WAM06600-058359-DCE-2017-0903-10:56",0,0,0,0,0,1,1,"PASS",1,6,0,NA,1,NA,6,"6",6,NA,NA,NA,"flag","flag","flag",NA,NA,NA,NA,NA,NA,NA,NA,"flag","flag","flag",NA,NA
"WAM06600-073336-DCE-2017-0708-08:47",0,0,0,0,0,1,1,"PASS",1,6,0,NA,1,NA,6,"6",6,NA,NA,NA,"flag","flag","flag",NA,NA,NA,"flag",NA,NA,NA,NA,"flag",NA,"flag",NA,NA
"WAM06600-073336-DCE-2017-0818-08:49",0,0,0,0,0,1,1,"PASS",1,6,0,NA,1,NA,6,"6",6,NA,NA,NA,"flag","flag","flag",NA,NA,"flag",NA,NA,NA,NA,NA,"flag","flag",NA,NA,NA
