"SAMPLEID","INDEX_NAME","INDEX_REGION","ni_total","nt_total"
"00001WSE","BCG_MariNW_Bugs500ct","HiGrad-HiElev",561,62
"00006CSR","BCG_MariNW_Bugs500ct","HiGrad-HiElev",539,42
"00007CSR","BCG_MariNW_Bugs500ct","HiGrad-HiElev",507,49
"00010WSE","BCG_MariNW_Bugs500ct","HiGrad-HiElev",567,56
"00051CSR","BCG_MariNW_Bugs500ct","HiGrad-HiElev",544,41
"00060CSR","BCG_MariNW_Bugs500ct","HiGrad-HiElev",531,47
"00071CSR","BCG_MariNW_Bugs500ct","HiGrad-HiElev",513,41
"01059CSR","BCG_MariNW_Bugs500ct","HiGrad-HiElev",509,44
"01094CSR","BCG_MariNW_Bugs500ct","HiGrad-HiElev",496,39
"01110CSR","BCG_MariNW_Bugs500ct","HiGrad-HiElev",476,50
"02038CSR","BCG_MariNW_Bugs500ct","HiGrad-HiElev",499,44
"02044EMAP","BCG_MariNW_Bugs500ct","HiGrad-HiElev",507,51
"02048CSR","BCG_MariNW_Bugs500ct","HiGrad-HiElev",519,44
"02048CSRa","BCG_MariNW_Bugs500ct","HiGrad-HiElev",496,41
"02060CSR","BCG_MariNW_Bugs500ct","HiGrad-HiElev",501,40
"02065CSR","BCG_MariNW_Bugs500ct","HiGrad-HiElev",500,27
"02069CSR","BCG_MariNW_Bugs500ct","HiGrad-HiElev",507,38
"02093CSR","BCG_MariNW_Bugs500ct","HiGrad-HiElev",569,37
"02101CSR","BCG_MariNW_Bugs500ct","HiGrad-HiElev",543,45
"02102CSR","BCG_MariNW_Bugs500ct","HiGrad-HiElev",530,36
"02104CSR","BCG_MariNW_Bugs500ct","HiGrad-HiElev",527,45
"02107EMAP","BCG_MariNW_Bugs500ct","HiGrad-HiElev",532,52
"02139CSR","BCG_MariNW_Bugs500ct","HiGrad-HiElev",498,45
"02139CSRd","BCG_MariNW_Bugs500ct","HiGrad-HiElev",461,37
"03002EMAP","BCG_MariNW_Bugs500ct","HiGrad-HiElev",535,64
"03003EMAP","BCG_MariNW_Bugs500ct","HiGrad-HiElev",523,62
"03006EMAP","BCG_MariNW_Bugs500ct","HiGrad-HiElev",506,67
"03033CSR","BCG_MariNW_Bugs500ct","HiGrad-HiElev",589,52
"03044CSR","BCG_MariNW_Bugs500ct","HiGrad-HiElev",593,57
"03047CSR","BCG_MariNW_Bugs500ct","HiGrad-HiElev",580,43
"03060CSR","BCG_MariNW_Bugs500ct","HiGrad-HiElev",561,46
"03061CSR","BCG_MariNW_Bugs500ct","HiGrad-HiElev",514,50
"03062CSR","BCG_MariNW_Bugs500ct","HiGrad-HiElev",589,47
"03066CSR","BCG_MariNW_Bugs500ct","HiGrad-HiElev",532,51
"03068CSR","BCG_MariNW_Bugs500ct","HiGrad-HiElev",497,42
"03074CSR","BCG_MariNW_Bugs500ct","HiGrad-HiElev",569,41
"03079CSR","BCG_MariNW_Bugs500ct","HiGrad-HiElev",544,41
"03085CSR","BCG_MariNW_Bugs500ct","HiGrad-HiElev",539,40
"03087CSR","BCG_MariNW_Bugs500ct","HiGrad-HiElev",566,34
"03095CSR","BCG_MariNW_Bugs500ct","HiGrad-HiElev",577,52
"03108CSR","BCG_MariNW_Bugs500ct","HiGrad-HiElev",588,42
"03118CSR","BCG_MariNW_Bugs500ct","HiGrad-HiElev",596,46
"03131CSR","BCG_MariNW_Bugs500ct","HiGrad-HiElev",567,37
"04005CSR","BCG_MariNW_Bugs500ct","HiGrad-HiElev",517,48
"04006CSR","BCG_MariNW_Bugs500ct","HiGrad-HiElev",585,44
"04028CSR","BCG_MariNW_Bugs500ct","HiGrad-HiElev",564,43
"05013REF","BCG_MariNW_Bugs500ct","HiGrad-HiElev",542,45
"05014REF","BCG_MariNW_Bugs500ct","HiGrad-HiElev",477,53
"05014REFa","BCG_MariNW_Bugs500ct","HiGrad-HiElev",518,48
"06002CSRa","BCG_MariNW_Bugs500ct","HiGrad-HiElev",555,38
"06025DFW","BCG_MariNW_Bugs500ct","HiGrad-HiElev",558,51
"06095DFW","BCG_MariNW_Bugs500ct","HiGrad-HiElev",545,48
"06162DFW","BCG_MariNW_Bugs500ct","HiGrad-HiElev",583,44
"07002DFW","BCG_MariNW_Bugs500ct","HiGrad-HiElev",555,54
"07013DFW","BCG_MariNW_Bugs500ct","HiGrad-HiElev",525,34
"07028DFW","BCG_MariNW_Bugs500ct","HiGrad-HiElev",554,55
"07029DFW","BCG_MariNW_Bugs500ct","HiGrad-HiElev",575,47
"07029DFWd","BCG_MariNW_Bugs500ct","HiGrad-HiElev",553,45
"08048DFW","BCG_MariNW_Bugs500ct","HiGrad-HiElev",572,49
"08107DFW","BCG_MariNW_Bugs500ct","HiGrad-HiElev",560,52
"08109DFW","BCG_MariNW_Bugs500ct","HiGrad-HiElev",536,55
"08117DFW","BCG_MariNW_Bugs500ct","HiGrad-HiElev",528,53
"08117DFWd","BCG_MariNW_Bugs500ct","HiGrad-HiElev",594,51
"09015DFW","BCG_MariNW_Bugs500ct","HiGrad-HiElev",594,44
"09015DFWd","BCG_MariNW_Bugs500ct","HiGrad-HiElev",568,42
"09054DFW","BCG_MariNW_Bugs500ct","HiGrad-HiElev",585,46
"09106DFW","BCG_MariNW_Bugs500ct","HiGrad-HiElev",548,56
"14005RBS","BCG_MariNW_Bugs500ct","HiGrad-HiElev",557,51
"14008RBS","BCG_MariNW_Bugs500ct","HiGrad-HiElev",522,63
"14015RBS","BCG_MariNW_Bugs500ct","HiGrad-HiElev",523,44
"15009TRD","BCG_MariNW_Bugs500ct","HiGrad-HiElev",558,63
"15010TRD","BCG_MariNW_Bugs500ct","HiGrad-HiElev",522,42
"16001TRD","BCG_MariNW_Bugs500ct","HiGrad-HiElev",563,45
"16010TRD","BCG_MariNW_Bugs500ct","HiGrad-HiElev",582,64
"16018PRB","BCG_MariNW_Bugs500ct","HiGrad-HiElev",523,41
"17003TRD","BCG_MariNW_Bugs500ct","HiGrad-HiElev",556,45
"17014TRD","BCG_MariNW_Bugs500ct","HiGrad-HiElev",570,63
"5772_8645","BCG_MariNW_Bugs500ct","HiGrad-HiElev",533,54
"7296_11895","BCG_MariNW_Bugs500ct","HiGrad-HiElev",549,40
"8160_13009","BCG_MariNW_Bugs500ct","HiGrad-HiElev",512,49
"8758_13684","BCG_MariNW_Bugs500ct","HiGrad-HiElev",526,54
"8760_13686","BCG_MariNW_Bugs500ct","HiGrad-HiElev",564,36
"8783_13706","BCG_MariNW_Bugs500ct","HiGrad-HiElev",574,43
"9132_14066","BCG_MariNW_Bugs500ct","HiGrad-HiElev",519,43
"9259_14262","BCG_MariNW_Bugs500ct","HiGrad-HiElev",553,49
"9708_14726","BCG_MariNW_Bugs500ct","HiGrad-HiElev",541,49
"9769_14788","BCG_MariNW_Bugs500ct","HiGrad-HiElev",580,51
"BIO06600-BIGC04-DCE-2012-0828-10:25","BCG_MariNW_Bugs500ct","HiGrad-HiElev",547,57
"BIO06600-BIGC04-DCE-2012-0920-10:50","BCG_MariNW_Bugs500ct","HiGrad-HiElev",566,51
"BIO06600-BIGC04-DCE-2015-0727-13:04","BCG_MariNW_Bugs500ct","HiGrad-HiElev",531,52
"BIO06600-BLAC77-DCE-2012-0911-11:15","BCG_MariNW_Bugs500ct","HiGrad-HiElev",542,34
"BIO06600-BLAC77-DCE-2014-1006-12:15","BCG_MariNW_Bugs500ct","HiGrad-HiElev",556,30
"BIO06600-BLAC77-DCE-2016-0817-10:09","BCG_MariNW_Bugs500ct","HiGrad-HiElev",549,38
"BIO06600-CAYA04-DCE-2012-0827-10:00","BCG_MariNW_Bugs500ct","HiGrad-HiElev",547,50
"BIO06600-CAYA04-DCE-2015-0728-11:30","BCG_MariNW_Bugs500ct","HiGrad-HiElev",540,46
"BIO06600-DEER04-DCE-2015-1012-12:10","BCG_MariNW_Bugs500ct","HiGrad-HiElev",548,65
"BIO06600-GOLD77-DCE-2017-0816-16:02","BCG_MariNW_Bugs500ct","HiGrad-HiElev",548,35
"BIO06600-HUCK04-DCE-2012-0828-10:15","BCG_MariNW_Bugs500ct","HiGrad-HiElev",549,42
"BIO06600-HUCK04-DCE-2014-0805-11:45","BCG_MariNW_Bugs500ct","HiGrad-HiElev",538,53
"BIO06600-HUCK04-DCE-2014-0805-12:00","BCG_MariNW_Bugs500ct","HiGrad-HiElev",521,37
"BIO06600-HUCK04-DCE-2015-1006-10:46","BCG_MariNW_Bugs500ct","HiGrad-HiElev",556,48
"BIO06600-HUCK04-DCE-2017-0802-10:08","BCG_MariNW_Bugs500ct","HiGrad-HiElev",538,46
"BIO06600-KALA04-DCE-2012-0830-11:30","BCG_MariNW_Bugs500ct","HiGrad-HiElev",568,41
"BIO06600-NSKO01-DCE-2011-0920-11:00","BCG_MariNW_Bugs500ct","HiGrad-HiElev",549,43
"BIO06600-NSKO01-DCE-2014-0917-11:36","BCG_MariNW_Bugs500ct","HiGrad-HiElev",536,44
"BIO06600-NSKO01-DCE-2016-0915-10:04","BCG_MariNW_Bugs500ct","HiGrad-HiElev",555,44
"BIO06600-QUAR77-DCE-2015-0715-10:11","BCG_MariNW_Bugs500ct","HiGrad-HiElev",521,50
"BIO06600-RACE77-DCE-2015-0813-11:45","BCG_MariNW_Bugs500ct","HiGrad-HiElev",556,52
"BIO06600-RACE77-DCE-2017-0809-10:59","BCG_MariNW_Bugs500ct","HiGrad-HiElev",568,54
"BIO06600-ROBI77-DCE-2015-0930-08:25","BCG_MariNW_Bugs500ct","HiGrad-HiElev",541,40
"BIO06600-RUSH04-DCE-2012-0918-09:15","BCG_MariNW_Bugs500ct","HiGrad-HiElev",529,55
"BIO06600-RUSH04-DCE-2015-0908-08:33","BCG_MariNW_Bugs500ct","HiGrad-HiElev",539,49
"BIO06600-RUSH04-DCE-2016-0830-09:10","BCG_MariNW_Bugs500ct","HiGrad-HiElev",547,58
"BIO06600-SINL77-DCE-2016-0921-09:58","BCG_MariNW_Bugs500ct","HiGrad-HiElev",555,44
"BIO06600-SUMM04-DCE-2012-0829-09:30","BCG_MariNW_Bugs500ct","HiGrad-HiElev",565,43
"BIO06600-SUMM04-DCE-2017-0726-09:59","BCG_MariNW_Bugs500ct","HiGrad-HiElev",540,49
"BIO06600-SUND04-DCE-2015-0722-10:41","BCG_MariNW_Bugs500ct","HiGrad-HiElev",531,60
"BIO06600-SUND04-DCE-2017-0725-10:10","BCG_MariNW_Bugs500ct","HiGrad-HiElev",592,57
"BIO06600-WARC77-DCE-2012-0816-08:50","BCG_MariNW_Bugs500ct","HiGrad-HiElev",533,33
"BIO06600-WARC77-DCE-2015-0923-09:04","BCG_MariNW_Bugs500ct","HiGrad-HiElev",552,51
"BIO06600-WARC77-DCE-2017-0816-08:47","BCG_MariNW_Bugs500ct","HiGrad-HiElev",547,51
"BIO06600-YOUN02-DCE-2013-0731-12:00","BCG_MariNW_Bugs500ct","HiGrad-HiElev",538,56
"BIO06600-YOUN02-DCE-2017-0712-13:41","BCG_MariNW_Bugs500ct","HiGrad-HiElev",563,45
"ERR06600-049208-DCE-2012-0803-10:30","BCG_MariNW_Bugs500ct","HiGrad-HiElev",560,41
"SEN06600-LAUG07-DCE-2011-0913-12:00","BCG_MariNW_Bugs500ct","HiGrad-HiElev",547,63
"SEN06600-LAUG07-DCE-2012-0905-11:30","BCG_MariNW_Bugs500ct","HiGrad-HiElev",536,56
"SEN06600-LAUG07-DCE-2013-0910-12:30","BCG_MariNW_Bugs500ct","HiGrad-HiElev",534,52
"SEN06600-LAUG07-DCE-2014-0806-11:00","BCG_MariNW_Bugs500ct","HiGrad-HiElev",536,71
"SEN06600-LAUG07-DCE-2015-0923-11:23","BCG_MariNW_Bugs500ct","HiGrad-HiElev",548,49
"SEN06600-LAUG07-DCE-2016-0810-10:34","BCG_MariNW_Bugs500ct","HiGrad-HiElev",546,62
"SEN06600-LAUG07-DCE-2017-0830-11:19","BCG_MariNW_Bugs500ct","HiGrad-HiElev",569,53
"SEN06600-MARB21-DCE-2012-0814-12:30","BCG_MariNW_Bugs500ct","HiGrad-HiElev",550,59
"SEN06600-MARB21-DCE-2013-0821-10:15","BCG_MariNW_Bugs500ct","HiGrad-HiElev",575,57
"SEN06600-MARB21-DCE-2014-0828-11:00","BCG_MariNW_Bugs500ct","HiGrad-HiElev",550,50
"SEN06600-MARB21-DCE-2015-0915-08:22","BCG_MariNW_Bugs500ct","HiGrad-HiElev",539,61
"SEN06600-MARB21-DCE-2016-0728-09:30","BCG_MariNW_Bugs500ct","HiGrad-HiElev",546,54
"SEN06600-MARB21-DCE-2017-0727-10:00","BCG_MariNW_Bugs500ct","HiGrad-HiElev",548,55
"SEN06600-POOR22-DCE-2012-0816-09:25","BCG_MariNW_Bugs500ct","HiGrad-HiElev",550,64
"SEN06600-POOR22-DCE-2013-0820-10:00","BCG_MariNW_Bugs500ct","HiGrad-HiElev",543,46
"SEN06600-POOR22-DCE-2014-0827-10:12","BCG_MariNW_Bugs500ct","HiGrad-HiElev",517,44
"SEN06600-POOR22-DCE-2015-0916-11:36","BCG_MariNW_Bugs500ct","HiGrad-HiElev",548,56
"SEN06600-POOR22-DCE-2016-0726-10:51","BCG_MariNW_Bugs500ct","HiGrad-HiElev",536,48
"SEN06600-POOR22-DCE-2017-0725-10:30","BCG_MariNW_Bugs500ct","HiGrad-HiElev",554,59
"SEN06600-TEAN04-DCE-2010-0923-10:20","BCG_MariNW_Bugs500ct","HiGrad-HiElev",553,46
"SEN06600-TEAN04-DCE-2012-0724-11:50","BCG_MariNW_Bugs500ct","HiGrad-HiElev",554,42
"SEN06600-TEAN04-DCE-2012-1010-09:30","BCG_MariNW_Bugs500ct","HiGrad-HiElev",524,37
"SEN06600-TEAN04-DCE-2013-0917-09:30","BCG_MariNW_Bugs500ct","HiGrad-HiElev",579,46
"SEN06600-TEAN04-DCE-2014-0924-10:57","BCG_MariNW_Bugs500ct","HiGrad-HiElev",560,46
"SEN06600-TEAN04-DCE-2015-0901-10:30","BCG_MariNW_Bugs500ct","HiGrad-HiElev",530,59
"SEN06600-TEAN04-DCE-2016-0803-10:35","BCG_MariNW_Bugs500ct","HiGrad-HiElev",562,39
"SEN06600-TEAN04-DCE-2017-1002-12:16","BCG_MariNW_Bugs500ct","HiGrad-HiElev",501,45
"SEN06600-TRAP08-DCE-2010-0824-11:30","BCG_MariNW_Bugs500ct","HiGrad-HiElev",515,43
"SEN06600-TRAP08-DCE-2011-0914-12:00","BCG_MariNW_Bugs500ct","HiGrad-HiElev",542,59
"SEN06600-TRAP08-DCE-2012-0904-13:45","BCG_MariNW_Bugs500ct","HiGrad-HiElev",525,52
"SEN06600-TRAP08-DCE-2013-0909-13:10","BCG_MariNW_Bugs500ct","HiGrad-HiElev",552,54
"SEN06600-TRAP08-DCE-2014-0915-15:32","BCG_MariNW_Bugs500ct","HiGrad-HiElev",528,53
"SEN06600-TRAP08-DCE-2015-0922-12:47","BCG_MariNW_Bugs500ct","HiGrad-HiElev",521,59
"SEN06600-TRAP08-DCE-2017-0829-09:31","BCG_MariNW_Bugs500ct","HiGrad-HiElev",543,57
"SEN06600-TWEN05-DCE-2010-0928-13:20","BCG_MariNW_Bugs500ct","HiGrad-HiElev",536,47
"SEN06600-TWEN05-DCE-2011-0802-10:10","BCG_MariNW_Bugs500ct","HiGrad-HiElev",546,44
"SEN06600-TWEN05-DCE-2012-0815-10:30","BCG_MariNW_Bugs500ct","HiGrad-HiElev",519,41
"SEN06600-TWEN05-DCE-2013-0819-10:43","BCG_MariNW_Bugs500ct","HiGrad-HiElev",543,45
"SEN06600-TWEN05-DCE-2014-0826-13:30","BCG_MariNW_Bugs500ct","HiGrad-HiElev",555,47
"SEN06600-TWEN05-DCE-2015-0917-09:35","BCG_MariNW_Bugs500ct","HiGrad-HiElev",536,55
"SEN06600-TWEN05-DCE-2016-0727-09:54","BCG_MariNW_Bugs500ct","HiGrad-HiElev",524,48
"SEN06600-TWEN05-DCE-2017-0726-10:18","BCG_MariNW_Bugs500ct","HiGrad-HiElev",574,46
"WAM06600-000188-DCE-2012-0724-13:40","BCG_MariNW_Bugs500ct","HiGrad-HiElev",524,47
"WAM06600-000188-DCE-2012-0826-10:50","BCG_MariNW_Bugs500ct","HiGrad-HiElev",475,36
"WAM06600-000672-DCE-2009-0923-11:09","BCG_MariNW_Bugs500ct","HiGrad-HiElev",496,49
"WAM06600-000672-DCE-2013-0816-11:45","BCG_MariNW_Bugs500ct","HiGrad-HiElev",535,40
"WAM06600-000857-DCE-2010-0729-12:57","BCG_MariNW_Bugs500ct","HiGrad-HiElev",501,51
"WAM06600-001402-DCE-2009-0927-11:00","BCG_MariNW_Bugs500ct","HiGrad-HiElev",517,57
"WAM06600-001402-DCE-2013-0721-09:47","BCG_MariNW_Bugs500ct","HiGrad-HiElev",542,58
"WAM06600-001405-DCE-2010-0914-12:30","BCG_MariNW_Bugs500ct","HiGrad-HiElev",532,40
"WAM06600-001405-DCE-2014-0815-10:35","BCG_MariNW_Bugs500ct","HiGrad-HiElev",511,43
"WAM06600-001418-DCE-2013-0711-11:34","BCG_MariNW_Bugs500ct","HiGrad-HiElev",504,66
"WAM06600-001598-DCE-2011-0802-10:00","BCG_MariNW_Bugs500ct","HiGrad-HiElev",552,71
"WAM06600-001598-DCE-2015-0812-08:46","BCG_MariNW_Bugs500ct","HiGrad-HiElev",544,55
"WAM06600-001966-DCE-2011-0801-11:52","BCG_MariNW_Bugs500ct","HiGrad-HiElev",532,39
"WAM06600-001968-DCE-2012-0810-09:30","BCG_MariNW_Bugs500ct","HiGrad-HiElev",555,38
"WAM06600-001968-DCE-2017-0725-09:50","BCG_MariNW_Bugs500ct","HiGrad-HiElev",527,46
"WAM06600-003182-DCE-2011-0803-09:17","BCG_MariNW_Bugs500ct","HiGrad-HiElev",548,49
"WAM06600-003182-DCE-2015-0813-09:47","BCG_MariNW_Bugs500ct","HiGrad-HiElev",512,47
"WAM06600-003672-DCE-2012-0730-11:30","BCG_MariNW_Bugs500ct","HiGrad-HiElev",547,48
"WAM06600-003672-DCE-2017-0724-09:28","BCG_MariNW_Bugs500ct","HiGrad-HiElev",552,56
"WAM06600-003752-DCE-2012-0728-13:30","BCG_MariNW_Bugs500ct","HiGrad-HiElev",501,47
"WAM06600-003752-DCE-2017-0722-08:34","BCG_MariNW_Bugs500ct","HiGrad-HiElev",585,43
"WAM06600-003752-DCE-2017-0818-08:16","BCG_MariNW_Bugs500ct","HiGrad-HiElev",582,47
"WAM06600-004206-DCE-2013-0822-10:36","BCG_MariNW_Bugs500ct","HiGrad-HiElev",592,60
"WAM06600-004237-DCE-2014-0716-11:33","BCG_MariNW_Bugs500ct","HiGrad-HiElev",536,52
"WAM06600-005141-DCE-2010-0723-12:00","BCG_MariNW_Bugs500ct","HiGrad-HiElev",541,49
"WAM06600-005141-DCE-2014-0729-13:55","BCG_MariNW_Bugs500ct","HiGrad-HiElev",450,47
"WAM06600-005973-DCE-2010-0722-14:35","BCG_MariNW_Bugs500ct","HiGrad-HiElev",566,55
"WAM06600-006062-DCE-2011-0810-10:55","BCG_MariNW_Bugs500ct","HiGrad-HiElev",544,50
"WAM06600-007006-DCE-2011-0801-09:56","BCG_MariNW_Bugs500ct","HiGrad-HiElev",548,47
"WAM06600-008504-DCE-2012-0801-09:30","BCG_MariNW_Bugs500ct","HiGrad-HiElev",552,56
"WAM06600-008504-DCE-2017-0725-09:44","BCG_MariNW_Bugs500ct","HiGrad-HiElev",556,11
"WAM06600-009134-DCE-2011-0828-11:35","BCG_MariNW_Bugs500ct","HiGrad-HiElev",521,57
"WAM06600-009134-DCE-2015-0825-09:40","BCG_MariNW_Bugs500ct","HiGrad-HiElev",528,49
"WAM06600-009724-DCE-2012-0829-08:15","BCG_MariNW_Bugs500ct","HiGrad-HiElev",531,50
"WAM06600-009724-DCE-2017-0724-09:45","BCG_MariNW_Bugs500ct","HiGrad-HiElev",533,45
"WAM06600-009724-DCE-2017-0822-09:24","BCG_MariNW_Bugs500ct","HiGrad-HiElev",557,49
"WAM06600-009790-DCE-2011-0827-15:40","BCG_MariNW_Bugs500ct","HiGrad-HiElev",550,53
"WAM06600-009790-DCE-2015-0811-09:30","BCG_MariNW_Bugs500ct","HiGrad-HiElev",555,54
"WAM06600-011061-DCE-2014-0727-10:21","BCG_MariNW_Bugs500ct","HiGrad-HiElev",540,42
"WAM06600-011788-DCE-2012-0818-11:20","BCG_MariNW_Bugs500ct","HiGrad-HiElev",536,51
"WAM06600-011788-DCE-2017-0723-11:40","BCG_MariNW_Bugs500ct","HiGrad-HiElev",562,38
"WAM06600-011788-DCE-2017-0819-08:59","BCG_MariNW_Bugs500ct","HiGrad-HiElev",492,34
"WAM06600-013920-DCE-2017-0712-09:27","BCG_MariNW_Bugs500ct","HiGrad-HiElev",551,31
"WAM06600-017264-DCE-2012-0731-14:30","BCG_MariNW_Bugs500ct","HiGrad-HiElev",537,50
"WAM06600-017264-DCE-2017-0901-09:15","BCG_MariNW_Bugs500ct","HiGrad-HiElev",578,55
"WAM06600-017616-DCE-2012-0813-10:15","BCG_MariNW_Bugs500ct","HiGrad-HiElev",573,45
"WAM06600-017680-DCE-2012-0814-09:30","BCG_MariNW_Bugs500ct","HiGrad-HiElev",459,52
"WAM06600-018208-DCE-2012-0808-13:50","BCG_MariNW_Bugs500ct","HiGrad-HiElev",580,36
"WAM06600-018296-DCE-2012-0815-11:00","BCG_MariNW_Bugs500ct","HiGrad-HiElev",561,37
"WAM06600-020634-DCE-2015-0806-09:23","BCG_MariNW_Bugs500ct","HiGrad-HiElev",539,57
"WAM06600-021552-DCE-2017-0821-10:55","BCG_MariNW_Bugs500ct","HiGrad-HiElev",540,36
"WAM06600-021900-DCE-2017-0819-08:52","BCG_MariNW_Bugs500ct","HiGrad-HiElev",525,45
"WAM06600-024284-DCE-2012-0804-09:00","BCG_MariNW_Bugs500ct","HiGrad-HiElev",564,41
"WAM06600-024830-DCE-2015-0930-09:26","BCG_MariNW_Bugs500ct","HiGrad-HiElev",519,39
"WAM06600-034366-DCE-2011-0817-17:15","BCG_MariNW_Bugs500ct","HiGrad-HiElev",527,60
"WAM06600-034366-DCE-2015-0715-09:04","BCG_MariNW_Bugs500ct","HiGrad-HiElev",530,70
"WAM06600-035408-DCE-2012-0731-09:30","BCG_MariNW_Bugs500ct","HiGrad-HiElev",565,19
"WAM06600-035408-DCE-2012-0829-14:30","BCG_MariNW_Bugs500ct","HiGrad-HiElev",572,27
"WAM06600-035408-DCE-2017-0708-09:36","BCG_MariNW_Bugs500ct","HiGrad-HiElev",548,33
"WAM06600-038208-DCE-2012-0811-09:30","BCG_MariNW_Bugs500ct","HiGrad-HiElev",525,38
"WAM06600-038208-DCE-2017-0709-10:05","BCG_MariNW_Bugs500ct","HiGrad-HiElev",577,49
"WAM06600-040711-DCE-2017-0805-08:45","BCG_MariNW_Bugs500ct","HiGrad-HiElev",532,30
"WAM06600-058359-DCE-2017-0903-10:56","BCG_MariNW_Bugs500ct","HiGrad-HiElev",535,49
"WAM06600-073336-DCE-2017-0708-08:47","BCG_MariNW_Bugs500ct","HiGrad-HiElev",600,35
"WAM06600-073336-DCE-2017-0818-08:49","BCG_MariNW_Bugs500ct","HiGrad-HiElev",596,38
